{
   "rabbit_version": "3.9",
   "users": [{
         "name": "admin",
         "password": "admin",
         "tags": "administrator"
      },
      {
         "name": "guest",
         "password": "guest",
         "tags": "administrator"
      },
      {
         "name": "sap",
         "password": "135sap246",
         "tags": ""
      },
      {
         "name": "external",
         "password": "123external456",
         "tags": ""
      },
      {
         "name": "pscl",
         "password": "pscl",
         "tags": "administrator"
      }
   ],
   "vhosts": [{
      "name": "\/"
   }],
   "permissions": [{
         "user": "pscl",
         "vhost": "\/",
         "configure": ".*",
         "write": ".*",
         "read": ".*"
      },
      {
         "user": "sap",
         "vhost": "\/",
         "configure": ".*",
         "write": ".*",
         "read": ".*"
      },
      {
         "user": "admin",
         "vhost": "\/",
         "configure": ".*",
         "write": ".*",
         "read": ".*"
      },
      {
         "user": "guest",
         "vhost": "\/",
         "configure": ".*",
         "write": ".*",
         "read": ".*"
      }
   ],
   "parameters": [],
   "policies": [],
   "queues": [],
   "exchanges": [],
   "bindings": []
}